gen,nevals,avg,std,min,max
0,2,0.0020753443241119385,0.0020753443241119385,0.0,0.004150688648223877
1,2,0.012493252754211426,0.0,0.012493252754211426,0.012493252754211426
